"entity_id","type","value","id"
"001","prog_sped","Behavior Support Class",""
"001","prog_sped","Skills for Learning and Living (SLL)",""
"002","prog_sped","Behavior Support Class",""
"002","prog_sped","Structured Learning Class: Alternative Curriculum",""
"002","prog_sped","Structured Learning Class: Transistion Readiness with Essential Knowledge (TREK)",""
"002","prog_sped","Skills for Learning and Living (SLL)",""
"003","prog_sped","Behavior Support Class",""
"003","prog_sped","Structured Learning Class: Alternative Curriculum",""
"003","prog_sped","Skills for Learning and Living (SLL)",""
"004","prog_sped","Behavior Support Class",""
"004","prog_sped","Skills for Learning and Living (SLL)",""
"006","prog_sped","Preparing Students for Independence (PSI)",""
"006","prog_sped","Structured Learning Class: Alternative Curriculum",""
"007","prog_sped","Behavior Support Class",""
"007","prog_sped","Structured Learning Class: Alternative Curriculum",""
"007","prog_sped","Skills for Learning and Living (SLL)",""
"008","prog_sped","Structured Learning Class: Alternative Curriculum",""
"008","prog_sped","Structured Learning Class: Transistion Readiness with Essential Knowledge (TREK)",""
"008","prog_sped","Skills for Learning and Living (SLL)",""
"009","prog_sped","Behavior Support Class",""
"009","prog_sped","Skills for Learning and Living (SLL)",""
"010","prog_sped","Behavior Support Class",""
"010","prog_sped","Preparing Students for Independence (PSI)",""
"010","prog_sped","Structured Learning Class: Alternative Curriculum",""
"010","prog_sped","Skills for Learning and Living (SLL)",""
"011","prog_sped","Behavior Support Class",""
"011","prog_sped","Skills for Learning and Living (SLL)",""
"011","prog_sped","Standalone Campus Program: Region 4 Regional Day School Program for the Deaf (RDSPD)",""
"012","prog_sped","Behavior Support Class",""
"012","prog_sped","Structured Learning Class: Transistion Readiness with Essential Knowledge (TREK)",""
"012","prog_sped","Skills for Learning and Living (SLL)",""
"013","prog_sped","Skills for Learning and Living (SLL)",""
"014","prog_sped","Behavior Support Class",""
"014","prog_sped","Structured Learning Class: Alternative Curriculum",""
"014","prog_sped","Structured Learning Class: Transistion Readiness with Essential Knowledge (TREK)",""
"014","prog_sped","Skills for Learning and Living (SLL)",""
"015","prog_sped","Behavior Support Class",""
"015","prog_sped","Structured Learning Class: Alternative Curriculum",""
"015","prog_sped","Structured Learning Class: Transistion Readiness with Essential Knowledge (TREK)",""
"015","prog_sped","Skills for Learning and Living (SLL)",""
"016","prog_sped","Behavior Support Class",""
"016","prog_sped","Preparing Students for Independence (PSI)",""
"016","prog_sped","Skills for Learning and Living (SLL)",""
"017","prog_sped","Behavior Support Class",""
"017","prog_sped","Structured Learning Class: Alternative Curriculum",""
"017","prog_sped","Skills for Learning and Living (SLL)",""
"018","prog_sped","Behavior Support Class",""
"018","prog_sped","Preparing Students for Independence (PSI)",""
"018","prog_sped","Skills for Learning and Living (SLL)",""
"019","prog_sped","Behavior Support Class",""
"019","prog_sped","Structured Learning Class: Alternative Curriculum",""
"019","prog_sped","Skills for Learning and Living (SLL)",""
"020","prog_sped","Behavior Support Class",""
"020","prog_sped","Preparing Students for Independence (PSI)",""
"020","prog_sped","Structured Learning Class: Alternative Curriculum",""
"020","prog_sped","Skills for Learning and Living (SLL)",""
"023","prog_sped","Behavior Support Class",""
"023","prog_sped","Structured Learning Class: Alternative Curriculum",""
"023","prog_sped","Skills for Learning and Living (SLL)",""
"024","prog_sped","Preparing Students for Independence (PSI)",""
"024","prog_sped","Structured Learning Class: Alternative Curriculum",""
"024","prog_sped","Skills for Learning and Living (SLL)",""
"025","prog_sped","Standard Services",""
"026","prog_sped","Standard Services",""
"027","prog_sped","Behavior Support Class",""
"027","prog_sped","Preparing Students for Independence (PSI)",""
"027","prog_sped","Structured Learning Class: Transistion Readiness with Essential Knowledge (TREK)",""
"027","prog_sped","Skills for Learning and Living (SLL)",""
"034","prog_sped","Structured Learning Class: Alternative Curriculum",""
"036","prog_sped","Behavior Support Class",""
"036","prog_sped","Structured Learning Class: Alternative Curriculum",""
"036","prog_sped","Structured Learning Class: Transistion Readiness with Essential Knowledge (TREK)",""
"036","prog_sped","Skills for Learning and Living (SLL)",""
"039","prog_sped","Preparing Students for Independence (PSI)",""
"041","prog_sped","Behavior Support Class",""
"041","prog_sped","Skills for Learning and Living (SLL)",""
"042","prog_sped","Structured Learning Class: Transistion Readiness with Essential Knowledge (TREK)",""
"042","prog_sped","Skills for Learning and Living (SLL)",""
"043","prog_sped","Structured Learning Class: Transistion Readiness with Essential Knowledge (TREK)",""
"043","prog_sped","Skills for Learning and Living (SLL)",""
"044","prog_sped","Behavior Support Class",""
"044","prog_sped","Skills for Learning and Living (SLL)",""
"045","prog_sped","Behavior Support Class",""
"045","prog_sped","Skills for Learning and Living (SLL)",""
"045","prog_sped","Standalone Campus Program: Region 4 Regional Day School Program for the Deaf (RDSPD)",""
"046","prog_sped","Preparing Students for Independence (PSI)",""
"046","prog_sped","Structured Learning Class: Transistion Readiness with Essential Knowledge (TREK)",""
"046","prog_sped","Skills for Learning and Living (SLL)",""
"047","prog_sped","Behavior Support Class",""
"047","prog_sped","Preparing Students for Independence (PSI)",""
"047","prog_sped","Skills for Learning and Living (SLL)",""
"048","prog_sped","Behavior Support Class",""
"048","prog_sped","Skills for Learning and Living (SLL)",""
"049","prog_sped","Behavior Support Class",""
"049","prog_sped","Structured Learning Class: Transistion Readiness with Essential Knowledge (TREK)",""
"049","prog_sped","Skills for Learning and Living (SLL)",""
"050","prog_sped","Behavior Support Class",""
"050","prog_sped","Skills for Learning and Living (SLL)",""
"051","prog_sped","Behavior Support Class",""
"051","prog_sped","Structured Learning Class: Transistion Readiness with Essential Knowledge (TREK)",""
"051","prog_sped","Skills for Learning and Living (SLL)",""
"052","prog_sped","Behavior Support Class",""
"052","prog_sped","Structured Learning Class: Alternative Curriculum",""
"052","prog_sped","Structured Learning Class: Transistion Readiness with Essential Knowledge (TREK)",""
"052","prog_sped","Skills for Learning and Living (SLL)",""
"053","prog_sped","Preparing Students for Independence (PSI)",""
"053","prog_sped","Structured Learning Class: Alternative Curriculum",""
"053","prog_sped","Skills for Learning and Living (SLL)",""
"054","prog_sped","Behavior Support Class",""
"054","prog_sped","Skills for Learning and Living (SLL)",""
"055","prog_sped","Structured Learning Class: Alternative Curriculum",""
"055","prog_sped","Structured Learning Class: Transistion Readiness with Essential Knowledge (TREK)",""
"055","prog_sped","Skills for Learning and Living (SLL)",""
"056","prog_sped","Preparing Students for Independence (PSI)",""
"056","prog_sped","Structured Learning Class: Alternative Curriculum",""
"056","prog_sped","Skills for Learning and Living (SLL)",""
"057","prog_sped","Structured Learning Class: Transistion Readiness with Essential Knowledge (TREK)",""
"057","prog_sped","Skills for Learning and Living (SLL)",""
"058","prog_sped","Behavior Support Class",""
"058","prog_sped","Early Childhood Special Education (ECSE)",""
"058","prog_sped","Standalone Campus Program: Region 4 Regional Day School Program for the Deaf (RDSPD)",""
"059","prog_sped","Skills for Learning and Living (SLL)",""
"060","prog_sped","Behavior Support Class",""
"060","prog_sped","Structured Learning Class: Alternative Curriculum",""
"060","prog_sped","Skills for Learning and Living (SLL)",""
"061","prog_sped","Behavior Support Class",""
"061","prog_sped","Skills for Learning and Living (SLL)",""
"062","prog_sped","Behavior Support Class",""
"062","prog_sped","Structured Learning Class: Alternative Curriculum",""
"062","prog_sped","Skills for Learning and Living (SLL)",""
"064","prog_sped","Behavior Support Class",""
"064","prog_sped","Structured Learning Class: Transistion Readiness with Essential Knowledge (TREK)",""
"064","prog_sped","Skills for Learning and Living (SLL)",""
"068","prog_sped","Structured Learning Class: Transistion Readiness with Essential Knowledge (TREK)",""
"068","prog_sped","Skills for Learning and Living (SLL)",""
"069","prog_sped","Structured Learning Class: Alternative Curriculum",""
"069","prog_sped","Skills for Learning and Living (SLL)",""
"071","prog_sped","Standard Services",""
"072","prog_sped","Behavior Support Class",""
"072","prog_sped","Skills for Learning and Living (SLL)",""
"075","prog_sped","Behavior Support Class",""
"075","prog_sped","Preparing Students for Independence (PSI)",""
"075","prog_sped","Structured Learning Class: Alternative Curriculum",""
"075","prog_sped","Skills for Learning and Living (SLL)",""
"077","prog_sped","Behavior Support Class",""
"077","prog_sped","Structured Learning Class: Alternative Curriculum",""
"077","prog_sped","Skills for Learning and Living (SLL)",""
"078","prog_sped","Behavior Support Class",""
"078","prog_sped","Skills for Learning and Living (SLL)",""
"079","prog_sped","Behavior Support Class",""
"079","prog_sped","Structured Learning Class: Alternative Curriculum",""
"079","prog_sped","Skills for Learning and Living (SLL)",""
"080","prog_sped","Structured Learning Class: Alternative Curriculum",""
"081","prog_sped","Skills for Learning and Living (SLL)",""
"082","prog_sped","Behavior Support Class",""
"082","prog_sped","Skills for Learning and Living (SLL)",""
"097","prog_sped","Skills for Learning and Living (SLL)",""
"098","prog_sped","Behavior Support Class",""
"098","prog_sped","Skills for Learning and Living (SLL)",""
"099","prog_sped","Behavior Support Class",""
"099","prog_sped","Preparing Students for Independence (PSI)",""
"099","prog_sped","Structured Learning Class: Transistion Readiness with Essential Knowledge (TREK)",""
"099","prog_sped","Skills for Learning and Living (SLL)",""
"100","prog_sped","Standard Services",""
"102","prog_sped","Early Childhood Special Education (ECSE)",""
"102","prog_sped","Skills for Learning and Living (SLL)",""
"104","prog_sped","Early Childhood Special Education (ECSE)",""
"104","prog_sped","Structured Learning Class: Transistion Readiness with Essential Knowledge (TREK)",""
"105","prog_sped","Behavior Support Class",""
"105","prog_sped","Early Childhood Special Education (ECSE)",""
"105","prog_sped","Skills for Learning and Living (SLL)",""
"106","prog_sped","Early Childhood Special Education (ECSE)",""
"106","prog_sped","Skills for Learning and Living (SLL)",""
"107","prog_sped","Explore Program: Early Childhood Inclusion",""
"107","prog_sped","Skills for Learning and Living (SLL)",""
"108","prog_sped","Early Childhood Special Education (ECSE)",""
"108","prog_sped","Structured Learning Class: Alternative Curriculum",""
"109","prog_sped","Behavior Support Class",""
"109","prog_sped","Early Childhood Special Education (ECSE)",""
"110","prog_sped","Early Childhood Special Education (ECSE)",""
"110","prog_sped","Skills for Learning and Living (SLL)",""
"111","prog_sped","Behavior Support Class",""
"111","prog_sped","Skills for Learning and Living (SLL)",""
"112","prog_sped","Early Childhood Special Education (ECSE)",""
"112","prog_sped","Skills for Learning and Living (SLL)",""
"113","prog_sped","Behavior Support Class",""
"113","prog_sped","Early Childhood Special Education (ECSE)",""
"113","prog_sped","Structured Learning Class: Alternative Curriculum",""
"113","prog_sped","Skills for Learning and Living (SLL)",""
"114","prog_sped","Early Childhood Special Education (ECSE)",""
"114","prog_sped","Skills for Learning and Living (SLL)",""
"115","prog_sped","Structured Learning Class: Transistion Readiness with Essential Knowledge (TREK)",""
"116","prog_sped","Early Childhood Special Education (ECSE)",""
"116","prog_sped","Structured Learning Class: Alternative Curriculum",""
"117","prog_sped","Early Childhood Special Education (ECSE)",""
"117","prog_sped","Skills for Learning and Living (SLL)",""
"119","prog_sped","Standard Services",""
"120","prog_sped","Early Childhood Special Education (ECSE)",""
"121","prog_sped","Structured Learning Class: Alternative Curriculum",""
"122","prog_sped","Early Childhood Special Education (ECSE)",""
"122","prog_sped","Preparing Students for Independence (PSI)",""
"122","prog_sped","Structured Learning Class: Alternative Curriculum",""
"123","prog_sped","Structured Learning Class: Alternative Curriculum",""
"123","prog_sped","Structured Learning Class: Transistion Readiness with Essential Knowledge (TREK)",""
"124","prog_sped","Skills for Learning and Living (SLL)",""
"125","prog_sped","Early Childhood Special Education (ECSE)",""
"127","prog_sped","Behavior Support Class",""
"127","prog_sped","Skills for Learning and Living (SLL)",""
"128","prog_sped","Early Childhood Special Education (ECSE)",""
"128","prog_sped","Skills for Learning and Living (SLL)",""
"130","prog_sped","Preparing Students for Independence (PSI)",""
"130","prog_sped","Structured Learning Class: Transistion Readiness with Essential Knowledge (TREK)",""
"131","prog_sped","Early Childhood Special Education (ECSE)",""
"131","prog_sped","Preparing Students for Independence (PSI)",""
"132","prog_sped","Behavior Support Class",""
"132","prog_sped","Skills for Learning and Living (SLL)",""
"133","prog_sped","Early Childhood Special Education (ECSE)",""
"135","prog_sped","Structured Learning Class: Transistion Readiness with Essential Knowledge (TREK)",""
"136","prog_sped","Early Childhood Special Education (ECSE)",""
"136","prog_sped","Explore Program: Early Childhood Inclusion",""
"136","prog_sped","Skills for Learning and Living (SLL)",""
"137","prog_sped","Early Childhood Special Education (ECSE)",""
"137","prog_sped","Skills for Learning and Living (SLL)",""
"138","prog_sped","Structured Learning Class: Transistion Readiness with Essential Knowledge (TREK)",""
"140","prog_sped","Early Childhood Special Education (ECSE)",""
"140","prog_sped","Skills for Learning and Living (SLL)",""
"144","prog_sped","Structured Learning Class: Alternative Curriculum",""
"144","prog_sped","Skills for Learning and Living (SLL)",""
"147","prog_sped","Skills for Learning and Living (SLL)",""
"148","prog_sped","Early Childhood Special Education (ECSE)",""
"148","prog_sped","Structured Learning Class: Alternative Curriculum",""
"149","prog_sped","Early Childhood Special Education (ECSE)",""
"151","prog_sped","Early Childhood Special Education (ECSE)",""
"151","prog_sped","Structured Learning Class: Transistion Readiness with Essential Knowledge (TREK)",""
"151","prog_sped","Skills for Learning and Living (SLL)",""
"152","prog_sped","Early Childhood Special Education (ECSE)",""
"152","prog_sped","Skills for Learning and Living (SLL)",""
"153","prog_sped","Early Childhood Special Education (ECSE)",""
"153","prog_sped","Structured Learning Class: Alternative Curriculum",""
"153","prog_sped","Skills for Learning and Living (SLL)",""
"154","prog_sped","Behavior Support Class",""
"154","prog_sped","Skills for Learning and Living (SLL)",""
"155","prog_sped","Skills for Learning and Living (SLL)",""
"156","prog_sped","Behavior Support Class",""
"156","prog_sped","Skills for Learning and Living (SLL)",""
"157","prog_sped","Early Childhood Special Education (ECSE)",""
"157","prog_sped","Structured Learning Class: Transistion Readiness with Essential Knowledge (TREK)",""
"158","prog_sped","Skills for Learning and Living (SLL)",""
"159","prog_sped","Preparing Students for Independence (PSI)",""
"159","prog_sped","Skills for Learning and Living (SLL)",""
"162","prog_sped","Early Childhood Special Education (ECSE)",""
"162","prog_sped","Skills for Learning and Living (SLL)",""
"163","prog_sped","Behavior Support Class",""
"163","prog_sped","Skills for Learning and Living (SLL)",""
"166","prog_sped","Skills for Learning and Living (SLL)",""
"167","prog_sped","Structured Learning Class: Transistion Readiness with Essential Knowledge (TREK)",""
"168","prog_sped","Skills for Learning and Living (SLL)",""
"169","prog_sped","Early Childhood Special Education (ECSE)",""
"170","prog_sped","Structured Learning Class: Alternative Curriculum",""
"171","prog_sped","Structured Learning Class: Transistion Readiness with Essential Knowledge (TREK)",""
"172","prog_sped","Behavior Support Class",""
"172","prog_sped","Structured Learning Class: Alternative Curriculum",""
"173","prog_sped","Structured Learning Class: Alternative Curriculum",""
"173","prog_sped","Structured Learning Class: Transistion Readiness with Essential Knowledge (TREK)",""
"174","prog_sped","Behavior Support Class",""
"174","prog_sped","Skills for Learning and Living (SLL)",""
"175","prog_sped","Behavior Support Class",""
"175","prog_sped","Structured Learning Class: Alternative Curriculum",""
"178","prog_sped","Structured Learning Class: Alternative Curriculum",""
"178","prog_sped","Structured Learning Class: Transistion Readiness with Essential Knowledge (TREK)",""
"179","prog_sped","Early Childhood Special Education (ECSE)",""
"179","prog_sped","Skills for Learning and Living (SLL)",""
"180","prog_sped","Structured Learning Class: Alternative Curriculum",""
"181","prog_sped","Early Childhood Special Education (ECSE)",""
"181","prog_sped","Structured Learning Class: Alternative Curriculum",""
"182","prog_sped","Early Childhood Special Education (ECSE)",""
"182","prog_sped","Explore Program: Early Childhood Inclusion",""
"182","prog_sped","Structured Learning Class: Transistion Readiness with Essential Knowledge (TREK)",""
"185","prog_sped","Behavior Support Class",""
"185","prog_sped","Early Childhood Special Education (ECSE)",""
"186","prog_sped","Skills for Learning and Living (SLL)",""
"187","prog_sped","Behavior Support Class",""
"187","prog_sped","Early Childhood Special Education (ECSE)",""
"188","prog_sped","Early Childhood Special Education (ECSE)",""
"188","prog_sped","Skills for Learning and Living (SLL)",""
"189","prog_sped","Early Childhood Special Education (ECSE)",""
"189","prog_sped","Skills for Learning and Living (SLL)",""
"192","prog_sped","Standalone Campus Program: Region 4 Regional Day School Program for the Deaf (RDSPD)",""
"194","prog_sped","Skills for Learning and Living (SLL)",""
"195","prog_sped","Behavior Support Class",""
"195","prog_sped","Skills for Learning and Living (SLL)",""
"196","prog_sped","Early Childhood Special Education (ECSE)",""
"196","prog_sped","Skills for Learning and Living (SLL)",""
"197","prog_sped","Skills for Learning and Living (SLL)",""
"198","prog_sped","Behavior Support Class",""
"198","prog_sped","Early Childhood Special Education (ECSE)",""
"198","prog_sped","Skills for Learning and Living (SLL)",""
"199","prog_sped","Early Childhood Special Education (ECSE)",""
"199","prog_sped","Structured Learning Class: Transistion Readiness with Essential Knowledge (TREK)",""
"201","prog_sped","Behavior Support Class",""
"201","prog_sped","Structured Learning Class: Transistion Readiness with Essential Knowledge (TREK)",""
"203","prog_sped","Early Childhood Special Education (ECSE)",""
"203","prog_sped","Skills for Learning and Living (SLL)",""
"207","prog_sped","Skills for Learning and Living (SLL)",""
"209","prog_sped","Early Childhood Special Education (ECSE)",""
"209","prog_sped","Explore Program: Early Childhood Inclusion",""
"210","prog_sped","Early Childhood Special Education (ECSE)",""
"210","prog_sped","Structured Learning Class: Alternative Curriculum",""
"210","prog_sped","Skills for Learning and Living (SLL)",""
"211","prog_sped","Structured Learning Class: Transistion Readiness with Essential Knowledge (TREK)",""
"212","prog_sped","Behavior Support Class",""
"212","prog_sped","Early Childhood Special Education (ECSE)",""
"213","prog_sped","Early Childhood Special Education (ECSE)",""
"213","prog_sped","Structured Learning Class: Alternative Curriculum",""
"214","prog_sped","Skills for Learning and Living (SLL)",""
"215","prog_sped","Early Childhood Special Education (ECSE)",""
"215","prog_sped","Structured Learning Class: Transistion Readiness with Essential Knowledge (TREK)",""
"216","prog_sped","Structured Learning Class: Alternative Curriculum",""
"217","prog_sped","Behavior Support Class",""
"217","prog_sped","Early Childhood Special Education (ECSE)",""
"217","prog_sped","Skills for Learning and Living (SLL)",""
"218","prog_sped","Early Childhood Special Education (ECSE)",""
"218","prog_sped","Structured Learning Class: Alternative Curriculum",""
"219","prog_sped","Early Childhood Special Education (ECSE)",""
"219","prog_sped","Skills for Learning and Living (SLL)",""
"220","prog_sped","Behavior Support Class",""
"221","prog_sped","Skills for Learning and Living (SLL)",""
"222","prog_sped","Early Childhood Special Education (ECSE)",""
"222","prog_sped","Structured Learning Class: Alternative Curriculum",""
"223","prog_sped","Structured Learning Class: Alternative Curriculum",""
"224","prog_sped","Early Childhood Special Education (ECSE)",""
"224","prog_sped","Structured Learning Class: Alternative Curriculum",""
"224","prog_sped","Skills for Learning and Living (SLL)",""
"225","prog_sped","Preparing Students for Independence (PSI)",""
"225","prog_sped","Skills for Learning and Living (SLL)",""
"227","prog_sped","Early Childhood Special Education (ECSE)",""
"228","prog_sped","Structured Learning Class: Transistion Readiness with Essential Knowledge (TREK)",""
"229","prog_sped","Early Childhood Special Education (ECSE)",""
"231","prog_sped","Structured Learning Class: Transistion Readiness with Essential Knowledge (TREK)",""
"231","prog_sped","Skills for Learning and Living (SLL)",""
"232","prog_sped","Early Childhood Special Education (ECSE)",""
"232","prog_sped","Skills for Learning and Living (SLL)",""
"233","prog_sped","Behavior Support Class",""
"233","prog_sped","Early Childhood Special Education (ECSE)",""
"234","prog_sped","Standard Services",""
"237","prog_sped","Structured Learning Class: Alternative Curriculum",""
"237","prog_sped","Skills for Learning and Living (SLL)",""
"239","prog_sped","Early Childhood Special Education (ECSE)",""
"240","prog_sped","Early Childhood Special Education (ECSE)",""
"240","prog_sped","Skills for Learning and Living (SLL)",""
"241","prog_sped","Early Childhood Special Education (ECSE)",""
"241","prog_sped","Explore Program: Early Childhood Inclusion",""
"241","prog_sped","Structured Learning Class: Alternative Curriculum",""
"241","prog_sped","Structured Learning Class: Transistion Readiness with Essential Knowledge (TREK)",""
"242","prog_sped","Early Childhood Special Education (ECSE)",""
"242","prog_sped","Skills for Learning and Living (SLL)",""
"243","prog_sped","Structured Learning Class: Alternative Curriculum",""
"243","prog_sped","Skills for Learning and Living (SLL)",""
"244","prog_sped","Structured Learning Class: Transistion Readiness with Essential Knowledge (TREK)",""
"244","prog_sped","Skills for Learning and Living (SLL)",""
"245","prog_sped","Behavior Support Class",""
"245","prog_sped","Early Childhood Special Education (ECSE)",""
"247","prog_sped","Early Childhood Special Education (ECSE)",""
"247","prog_sped","Skills for Learning and Living (SLL)",""
"248","prog_sped","Early Childhood Special Education (ECSE)",""
"248","prog_sped","Skills for Learning and Living (SLL)",""
"249","prog_sped","Structured Learning Class: Transistion Readiness with Essential Knowledge (TREK)",""
"251","prog_sped","Early Childhood Special Education (ECSE)",""
"251","prog_sped","Explore Program: Early Childhood Inclusion",""
"251","prog_sped","Structured Learning Class: Transistion Readiness with Essential Knowledge (TREK)",""
"252","prog_sped","Early Childhood Special Education (ECSE)",""
"252","prog_sped","Structured Learning Class: Alternative Curriculum",""
"252","prog_sped","Skills for Learning and Living (SLL)",""
"253","prog_sped","Behavior Support Class",""
"253","prog_sped","Structured Learning Class: Transistion Readiness with Essential Knowledge (TREK)",""
"254","prog_sped","Skills for Learning and Living (SLL)",""
"255","prog_sped","Explore Program: Early Childhood Inclusion",""
"255","prog_sped","Structured Learning Class: Transistion Readiness with Essential Knowledge (TREK)",""
"256","prog_sped","Standard Services",""
"257","prog_sped","Behavior Support Class",""
"258","prog_sped","Structured Learning Class: Transistion Readiness with Essential Knowledge (TREK)",""
"258","prog_sped","Skills for Learning and Living (SLL)",""
"259","prog_sped","Early Childhood Special Education (ECSE)",""
"259","prog_sped","Standalone Campus Program: Region 4 Regional Day School Program for the Deaf (RDSPD)",""
"260","prog_sped","Early Childhood Special Education (ECSE)",""
"260","prog_sped","Explore Program: Early Childhood Inclusion",""
"262","prog_sped","Behavior Support Class",""
"262","prog_sped","Early Childhood Special Education (ECSE)",""
"263","prog_sped","Early Childhood Special Education (ECSE)",""
"263","prog_sped","Skills for Learning and Living (SLL)",""
"264","prog_sped","Early Childhood Special Education (ECSE)",""
"264","prog_sped","Structured Learning Class: Alternative Curriculum",""
"265","prog_sped","Structured Learning Class: Transistion Readiness with Essential Knowledge (TREK)",""
"265","prog_sped","Skills for Learning and Living (SLL)",""
"267","prog_sped","Structured Learning Class: Alternative Curriculum",""
"267","prog_sped","Skills for Learning and Living (SLL)",""
"268","prog_sped","Structured Learning Class: Transistion Readiness with Essential Knowledge (TREK)",""
"269","prog_sped","Early Childhood Special Education (ECSE)",""
"269","prog_sped","Structured Learning Class: Transistion Readiness with Essential Knowledge (TREK)",""
"271","prog_sped","Early Childhood Special Education (ECSE)",""
"271","prog_sped","Skills for Learning and Living (SLL)",""
"273","prog_sped","Behavior Support Class",""
"273","prog_sped","Early Childhood Special Education (ECSE)",""
"273","prog_sped","Explore Program: Early Childhood Inclusion",""
"274","prog_sped","Structured Learning Class: Alternative Curriculum",""
"274","prog_sped","Skills for Learning and Living (SLL)",""
"275","prog_sped","Preparing Students for Independence (PSI)",""
"275","prog_sped","Skills for Learning and Living (SLL)",""
"276","prog_sped","Early Childhood Special Education (ECSE)",""
"276","prog_sped","Structured Learning Class: Alternative Curriculum",""
"276","prog_sped","Structured Learning Class: Transistion Readiness with Essential Knowledge (TREK)",""
"279","prog_sped","Structured Learning Class: Alternative Curriculum",""
"279","prog_sped","Structured Learning Class: Transistion Readiness with Essential Knowledge (TREK)",""
"281","prog_sped","Early Childhood Special Education (ECSE)",""
"281","prog_sped","Skills for Learning and Living (SLL)",""
"283","prog_sped","Early Childhood Special Education (ECSE)",""
"283","prog_sped","Structured Learning Class: Transistion Readiness with Essential Knowledge (TREK)",""
"285","prog_sped","Early Childhood Special Education (ECSE)",""
"285","prog_sped","Structured Learning Class: Transistion Readiness with Essential Knowledge (TREK)",""
"286","prog_sped","Early Childhood Special Education (ECSE)",""
"286","prog_sped","Skills for Learning and Living (SLL)",""
"287","prog_sped","Early Childhood Special Education (ECSE)",""
"287","prog_sped","Skills for Learning and Living (SLL)",""
"289","prog_sped","Early Childhood Special Education (ECSE)",""
"290","prog_sped","Behavior Support Class",""
"291","prog_sped","Early Childhood Special Education (ECSE)",""
"291","prog_sped","Structured Learning Class: Alternative Curriculum",""
"292","prog_sped","Preparing Students for Independence (PSI)",""
"295","prog_sped","Early Childhood Special Education (ECSE)",""
"295","prog_sped","Preparing Students for Independence (PSI)",""
"295","prog_sped","Structured Learning Class: Alternative Curriculum",""
"297","prog_sped","Early Childhood Special Education (ECSE)",""
"297","prog_sped","Skills for Learning and Living (SLL)",""
"298","prog_sped","Early Childhood Special Education (ECSE)",""
"298","prog_sped","Preparing Students for Independence (PSI)",""
"299","prog_sped","Behavior Support Class",""
"299","prog_sped","Skills for Learning and Living (SLL)",""
"301","prog_sped","Standard Services",""
"308","prog_sped","Standard Services",""
"310","prog_sped","Behavior Support Class",""
"310","prog_sped","Structured Learning Class: Alternative Curriculum",""
"310","prog_sped","Skills for Learning and Living (SLL)",""
"311","prog_sped","Standard Services",""
"320","prog_sped","Behavior Support Class",""
"321","prog_sped","Standard Services",""
"322","prog_sped","Standard Services",""
"323","prog_sped","Standard Services",""
"324","prog_sped","Standard Services",""
"337","prog_sped","Structured Learning Class: Alternative Curriculum",""
"337","prog_sped","Structured Learning Class: Transistion Readiness with Essential Knowledge (TREK)",""
"337","prog_sped","Skills for Learning and Living (SLL)",""
"338","prog_sped","Structured Learning Class: Alternative Curriculum",""
"338","prog_sped","Skills for Learning and Living (SLL)",""
"340","prog_sped","Standard Services",""
"342","prog_sped","Standard Services",""
"344","prog_sped","Structured Learning Class: Transistion Readiness with Essential Knowledge (TREK)",""
"344","prog_sped","Skills for Learning and Living (SLL)",""
"345","prog_sped","Standard Services",""
"348","prog_sped","Standard Services",""
"350","prog_sped","Standard Services",""
"351","prog_sped","Behavior Support Class",""
"352","prog_sped","Early Childhood Special Education (ECSE)",""
"353","prog_sped","Early Childhood Special Education (ECSE)",""
"353","prog_sped","Skills for Learning and Living (SLL)",""
"354","prog_sped","Early Childhood Special Education (ECSE)",""
"355","prog_sped","Early Childhood Special Education (ECSE)",""
"357","prog_sped","Early Childhood Special Education (ECSE)",""
"358","prog_sped","Skills for Learning and Living (SLL)",""
"359","prog_sped","Early Childhood Special Education (ECSE)",""
"359","prog_sped","Skills for Learning and Living (SLL)",""
"360","prog_sped","Early Childhood Special Education (ECSE)",""
"360","prog_sped","Explore Program: Early Childhood Inclusion",""
"364","prog_sped","Standard Services",""
"369","prog_sped","Behavior Support Class",""
"372","prog_sped","Early Childhood Special Education (ECSE)",""
"372","prog_sped","Skills for Learning and Living (SLL)",""
"373","prog_sped","Early Childhood Special Education (ECSE)",""
"373","prog_sped","Structured Learning Class: Transistion Readiness with Essential Knowledge (TREK)",""
"374","prog_sped","Skills for Learning and Living (SLL)",""
"380","prog_sped","Early Childhood Special Education (ECSE)",""
"382","prog_sped","Structured Learning Class: Transistion Readiness with Essential Knowledge (TREK)",""
"382","prog_sped","Skills for Learning and Living (SLL)",""
"382","prog_sped","Standalone Campus Program: Region 4 Regional Day School Program for the Deaf (RDSPD)",""
"383","prog_sped","Structured Learning Class: Alternative Curriculum",""
"383","prog_sped","Skills for Learning and Living (SLL)",""
"389","prog_sped","Early Childhood Special Education (ECSE)",""
"389","prog_sped","Structured Learning Class: Alternative Curriculum",""
"390","prog_sped","Standard Services",""
"394","prog_sped","Structured Learning Class: Transistion Readiness with Essential Knowledge (TREK)",""
"394","prog_sped","Skills for Learning and Living (SLL)",""
"395","prog_sped","Skills for Learning and Living (SLL)",""
"396","prog_sped","Early Childhood Special Education (ECSE)",""
"396","prog_sped","Explore Program: Early Childhood Inclusion",""
"402","prog_sped","Behavior Support Class",""
"402","prog_sped","Structured Learning Class: Alternative Curriculum",""
"402","prog_sped","Skills for Learning and Living (SLL)",""
"456","prog_sped","Standard Services",""
"458","prog_sped","Structured Learning Class: Alternative Curriculum",""
"460","prog_sped","Skills for Learning and Living (SLL)",""
"463","prog_sped","Standard Services",""
"466","prog_sped","Standard Services",""
"467","prog_sped","Structured Learning Class: Transistion Readiness with Essential Knowledge (TREK)",""
"468","prog_sped","Standard Services",""
"470","prog_sped","Early Childhood Special Education (ECSE)",""
"470","prog_sped","Explore Program: Early Childhood Inclusion",""
"473","prog_sped","Skills for Learning and Living (SLL)",""
"475","prog_sped","Structured Learning Class: Alternative Curriculum",""
"475","prog_sped","Skills for Learning and Living (SLL)",""
"476","prog_sped","Behavior Support Class",""
"476","prog_sped","Skills for Learning and Living (SLL)",""
"477","prog_sped","Behavior Support Class",""
"477","prog_sped","Skills for Learning and Living (SLL)",""
"478","prog_sped","Standard Services",""
"479","prog_sped","Behavior Support Class",""
"479","prog_sped","Skills for Learning and Living (SLL)",""
"480","prog_sped","Structured Learning Class: Transistion Readiness with Essential Knowledge (TREK)",""
"480","prog_sped","Skills for Learning and Living (SLL)",""
"483","prog_sped","Behavior Support Class",""
"483","prog_sped","Structured Learning Class: Transistion Readiness with Essential Knowledge (TREK)",""
"483","prog_sped","Skills for Learning and Living (SLL)",""
"484","prog_sped","Standard Services",""
"485","prog_sped","Standard Services",""
"486","prog_sped","Standard Services",""
